Column1,Column2,Column3,Column4,Column5
unit_test_result.txt,      at Object.<anonymous>.process.env.NODE_ENV.exports.act (../node_modules/.pnpm/react@19.1.0/node_modules/react/cjs/react.development.js,789,22),
remaining-tasks.md,- **Details,"** 1.  Review the codebase for `console.log` statements. 2.  Remove the `console.log` statements or wrap them in a conditional check (e.g., `if (process.env.NODE_ENV !",,
remaining-tasks.md,    - Details," Add a conditional check (e.g., `if (process.env.NODE_ENV !",,
TASK_REVIEW_SUMMARY.md,"- No automated guarding found (e.g., `if (process.env.NODE_ENV !",,,
sanity/sanity.config.js,const projectId ,,,
sanity/sanity.config.js,    || process.env.NEXT_PUBLIC_SANITY_PROJECT_ID,,,
sanity/sanity.config.js,const dataset ,,,
sanity/sanity.config.js,    || process.env.NEXT_PUBLIC_SANITY_DATASET,,,
app-next-directory/jest.setup.ts,if (process.env.JEST_CONSOLE_NO_FILTER !,,,
app-next-directory/jest.setup.ts,if (process.env.JEST_RUN_INTEGRATION ,,,
app-next-directory/jest.setup.ts,    if (process.env.MONGODB_URI) {,,,
app-next-directory/jest.setup.ts,        process.env.MONGODB_URI ,,,
app-next-directory/jest.setup.ts,          process.env.MONGODB_URI ,,,
app-next-directory/jest.setup.ts,  process.env.JEST_RUN_INTEGRATION !,,,
app-next-directory/jest.setup.ts,const skipMSW ,,,
app-next-directory/jest.setup.ts,process.env.NEXT_PUBLIC_SANITY_PROJECT_ID ,,,
app-next-directory/jest.setup.ts,process.env.NEXT_PUBLIC_SANITY_DATASET ,,,
app-next-directory/jest/setEnvVars.js,process.env.NODE_ENV ,,,
app-next-directory/jest/setEnvVars.js,process.env.IS_REACT_ACT_ENVIRONMENT ,,,
app-next-directory/jest/setEnvVars.js,process.env.nextAuthSecret ,,,
app-next-directory/jest/setEnvVars.js,process.env.nextPublicSanityProjectId ,,,
app-next-directory/jest/setEnvVars.js,process.env.MONGODB_URI ,,,
app-next-directory/jest/setEnvVars.js,process.env.UPSTASH_REDIS_REST_URL ,,,
app-next-directory/jest/setEnvVars.js,process.env.UPSTASH_REDIS_REST_TOKEN ,,,
app-next-directory/jest/integration.setup.ts,  if (!value || process.env[key]) return;,,,
app-next-directory/jest/integration.setup.ts,  process.env[key] ,,,
app-next-directory/tests/utils/test-utils.ts,const baseUrl ,,,
app-next-directory/tests/utils/dbHandler.ts,  process.env.MONGODB_URI ,,,
app-next-directory/src/__tests__/instrumentation.test.ts,  const originalNextRuntime ,,,
app-next-directory/src/__tests__/instrumentation.test.ts,  const originalNodeEnv ,,,
app-next-directory/src/__tests__/instrumentation.test.ts,    process.env.NEXT_RUNTIME ,,,
app-next-directory/src/__tests__/instrumentation.test.ts,    process.env.NODE_ENV ,,,
app-next-directory/tests/helpers/playwright-jest-stub.ts,  Boolean(process.env.PLAYWRIGHT_TEST || process.env.PLAYWRIGHT_WORKER_ID || process.env.PW_TEST_HTML_REPORT),,,
app-next-directory/tests/seed.spec.ts,    const baseURL ,,,
app-next-directory/app/__tests__/test-listing-detail-page.test.tsx,  const ORIGINAL_ENV ,,,
app-next-directory/app/__tests__/test-listing-detail-page.test.tsx,    process.env ,,,
app-next-directory/app/__tests__/test-listing-detail-page.test.tsx,    delete process.env.ENABLE_TEST_PAGES;,,,
app-next-directory/app/__tests__/test-listing-detail-page.test.tsx,    process.env.ENABLE_TEST_PAGES ,,,
app-next-directory/app/__tests__/error.test.tsx,    const originalEnv ,,,
app-next-directory/tests/api-integration.spec.ts,const BASE_URL ,,,
app-next-directory/tests/helpers/env.ts,  const rawValue ,,,
app-next-directory/app/__tests__/sitemap.test.ts,  const originalEnv ,,,
app-next-directory/app/__tests__/sitemap.test.ts,      process.env.NEXT_PUBLIC_SITE_URL ,,,
app-next-directory/app/__tests__/sitemap.test.ts,      delete process.env.NEXT_PUBLIC_SITE_URL;,,,
app-next-directory/app/__tests__/sitemap.test.ts,    delete process.env.NEXT_PUBLIC_SITE_URL;,,,
app-next-directory/app/__tests__/sitemap.test.ts,    process.env.NEXT_PUBLIC_SITE_URL ,,,
app-next-directory/tests/preview-api.spec.ts,    NODE_ENV," process.env.NODE_ENV || 'test',",,
app-next-directory/tests/preview-api.spec.ts,    PREVIEW_SECRET, process.env.PREVIEW_SECRET || '',,
app-next-directory/src/utils/__tests__/revalidation-token.test.ts,        process.env.REVALIDATION_TOKEN ,,,
app-next-directory/src/utils/__tests__/revalidation-token.test.ts,        process.env.revalidationToken ,,,
app-next-directory/src/utils/__tests__/revalidation-token.test.ts,        process.env.NODE_ENV ,,,
app-next-directory/src/utils/__tests__/revalidation-token.test.ts,        delete process.env.REVALIDATION_TOKEN;,,,
app-next-directory/src/utils/__tests__/revalidation-token.test.ts,        delete process.env.revalidationToken;,,,
app-next-directory/src/utils/__tests__/revalidation-token.test.ts,      process.env.REVALIDATION_TOKEN ,,,
app-next-directory/src/utils/__tests__/revalidation-token.test.ts,      delete process.env.REVALIDATION_TOKEN;,,,
app-next-directory/src/utils/__tests__/revalidation-token.test.ts,      delete process.env.revalidationToken;,,,
app-next-directory/src/utils/__tests__/revalidation-token.test.ts,      process.env.revalidationToken ,,,
app-next-directory/src/utils/__tests__/revalidation-token.test.ts,      process.env.NODE_ENV ,,,
app-next-directory/app/__tests__/listings-slug-page.test.tsx,const originalE2E ,,,
app-next-directory/app/__tests__/listings-slug-page.test.tsx,const originalE2EFlag ,,,
app-next-directory/app/__tests__/listings-slug-page.test.tsx,  process.env.NEXT_PUBLIC_E2E ,,,
app-next-directory/app/__tests__/listings-slug-page.test.tsx,  process.env.E2E ,,,
app-next-directory/app/__tests__/listings-slug-page.test.tsx,    process.env.NEXT_PUBLIC_E2E ,,,
app-next-directory/app/__tests__/listings-slug-page.test.tsx,    process.env.E2E ,,,
app-next-directory/tests/config/environment.ts,const envFilePath ,,,
app-next-directory/tests/config/environment.ts,if (!process.env.SKIP_PLAYWRIGHT_DOTENV && existsSync(envFilePath)) {,,,
app-next-directory/tests/config/environment.ts,  process.env.PLAYWRIGHT_BASE_URL ?? process.env.BASE_URL ?? 'http,//localhost,3000';,
app-next-directory/src/utils/__tests__/db-helpers.test.ts,const ORIGINAL_ENV ,,,
app-next-directory/src/utils/__tests__/db-helpers.test.ts,  process.env ,,,
app-next-directory/src/utils/__tests__/db-helpers.test.ts,    delete process.env.ALLOW_REAL_MONGO_IN_TESTS;,,,
app-next-directory/src/utils/__tests__/db-helpers.test.ts,    delete process.env.ALLOW_MONGO_IN_TESTS;,,,
app-next-directory/src/utils/__tests__/db-helpers.test.ts,    delete process.env.MOCK_MONGODB;,,,
app-next-directory/src/utils/__tests__/db-helpers.test.ts,    delete process.env.MONGODB_URI;,,,
app-next-directory/src/utils/__tests__/rate-limit.test.ts,    delete process.env.UPSTASH_REDIS_REST_URL;,,,
app-next-directory/src/utils/__tests__/rate-limit.test.ts,    delete process.env.UPSTASH_REDIS_REST_TOKEN;,,,
app-next-directory/src/utils/rate-limit.ts,  const UPSTASH_REDIS_REST_URL ,,,
app-next-directory/src/utils/rate-limit.ts,  const UPSTASH_REDIS_REST_TOKEN ,,,
app-next-directory/src/utils/revalidation-token.ts,  const isRequired ,,,
app-next-directory/src/utils/revalidation-token.ts,  const token ,,,
app-next-directory/src/utils/revalidation-token.ts,  if (process.env.NODE_ENV !,,,
app-next-directory/src/middleware/server-timing.ts,  if (process.env.NODE_ENV ,,,
app-next-directory/tests/visual/visual-regression.spec.ts,      await page.fill('input[name,,,
app-next-directory/src/middleware/__tests__/main-middleware.test.ts,  process.env.NEXTAUTH_SECRET ,,,
app-next-directory/tests/e2e/security/security.spec.ts,    home," process.env.TEST_HOME_URL ?? '/',",,
app-next-directory/tests/e2e/security/security.spec.ts,    adminDashboard," process.env.TEST_ADMIN_DASHBOARD_URL ?? '/admin/dashboard',",,
app-next-directory/tests/e2e/security/security.spec.ts,    signin," process.env.TEST_SIGNIN_URL ?? '/auth/signin',",,
app-next-directory/tests/e2e/security/security.spec.ts,    signup," process.env.TEST_SIGNUP_URL ?? '/auth/signup',",,
app-next-directory/tests/e2e/security/security.spec.ts,    dashboard," process.env.TEST_DASHBOARD_URL ?? '/dashboard',",,
app-next-directory/tests/e2e/security/security.spec.ts,    createListing," process.env.TEST_CREATE_LISTING_URL ?? '/dashboard/create-listing',",,
app-next-directory/tests/e2e/security/security.spec.ts,    contact," process.env.TEST_CONTACT_URL ?? '/contact',",,
app-next-directory/tests/e2e/security/security.spec.ts,    search," process.env.TEST_SEARCH_URL ?? '/search',",,
app-next-directory/tests/e2e/security/security.spec.ts,      adminUsers," process.env.TEST_API_ADMIN_USERS_URL ?? '/api/admin/users',",,
app-next-directory/tests/e2e/security/security.spec.ts,      listings," process.env.TEST_API_LISTINGS_URL ?? '/api/listings',",,
app-next-directory/tests/e2e/security/security.spec.ts,      userProfile," process.env.TEST_API_USER_PROFILE_URL ?? '/api/users/profile',",,
app-next-directory/tests/e2e/security/security.spec.ts,      contact," process.env.TEST_API_CONTACT_URL ?? '/api/contact',",,
app-next-directory/tests/e2e/security/security.spec.ts,      search," process.env.TEST_API_SEARCH_URL ?? '/api/search',",,
app-next-directory/tests/e2e/security/security.spec.ts,    defaultQuery," process.env.TEST_SEARCH_QUERY ?? 'test',",,
app-next-directory/tests/e2e/security/security.spec.ts,    namePrefix," process.env.TEST_CONTACT_NAME_PREFIX ?? 'User',",,
app-next-directory/tests/e2e/security/security.spec.ts,    messagePrefix," process.env.TEST_CONTACT_MESSAGE_PREFIX ?? 'Message',",,
app-next-directory/tests/e2e/security/security.spec.ts,    standardName," process.env.TEST_CONTACT_STANDARD_NAME ?? 'Test User',",,
app-next-directory/tests/e2e/security/security.spec.ts,    standardMessage," process.env.TEST_CONTACT_STANDARD_MESSAGE ?? 'Test message',",,
app-next-directory/tests/e2e/security/security.spec.ts,    emailPrefix," process.env.TEST_CONTACT_EMAIL_PREFIX ?? 'test',",,
app-next-directory/tests/e2e/security/security.spec.ts,    emailDomain," process.env.TEST_CONTACT_EMAIL_DOMAIN ?? 'example.com',",,
app-next-directory/tests/e2e/security/security.spec.ts,    rapidSubmissions," parseNumber(process.env.TEST_CONTACT_RAPID_SUBMISSIONS, 10),",,
app-next-directory/tests/e2e/security/security.spec.ts,    apiRequestIterations," parseNumber(process.env.TEST_API_RATE_LIMIT_ITERATIONS, 50),",,
app-next-directory/tests/e2e/security/security.spec.ts,    dialog," parseNumber(process.env.TEST_DIALOG_TIMEOUT, 1000),",,
app-next-directory/tests/e2e/security/security.spec.ts,    rateLimitPause," parseNumber(process.env.TEST_RATE_LIMIT_PAUSE, 100),",,
app-next-directory/tests/e2e/security/security.spec.ts,    cspViolation," parseNumber(process.env.TEST_CSP_VIOLATION_TIMEOUT, 1000),",,
app-next-directory/tests/e2e/security/security.spec.ts,    weakPasswords," parseJsonStringArray(process.env.TEST_WEAK_PASSWORDS, [",,
app-next-directory/tests/e2e/security/security.spec.ts,    sqlInjection," parseJsonStringArray(process.env.TEST_SQL_INJECTION_PAYLOADS, [",,
app-next-directory/tests/e2e/security/security.spec.ts,    xss," parseJsonStringArray(process.env.TEST_XSS_PAYLOADS, [",,
app-next-directory/tests/e2e/security/security.spec.ts,    emailInjection," parseJsonStringArray(process.env.TEST_EMAIL_INJECTION_PAYLOADS, [",,
app-next-directory/tests/e2e/security/security.spec.ts,    maliciousFiles," parseJsonStringArray(process.env.TEST_MALICIOUS_FILE_NAMES, [",,
app-next-directory/tests/e2e/security/security.spec.ts,    listingName," process.env.TEST_LISTING_NAME ?? 'Test Listing',",,
app-next-directory/tests/e2e/security/security.spec.ts,    listingDescription," process.env.TEST_LISTING_DESCRIPTION ?? 'Test Description',",,
app-next-directory/tests/e2e/security/security.spec.ts,    sessionTokenKey," process.env.TEST_SESSION_TOKEN_KEY ?? 'next-auth.session-token',",,
app-next-directory/tests/e2e/security/security.spec.ts,"      process.env.TEST_INLINE_SCRIPT_MESSAGE ?? 'console.log(""This should be blocked"")',",,,
app-next-directory/tests/e2e/security/security.spec.ts,    fileContent," process.env.TEST_FILE_CONTENT ?? 'This is a test file',",,
app-next-directory/tests/e2e/security/security.spec.ts,    maliciousMimeType," process.env.TEST_MALICIOUS_FILE_MIME ?? 'application/octet-stream',",,
app-next-directory/src/data/e2e/__tests__/discovery-fixtures.test.ts,    delete process.env.E2E;,,,
app-next-directory/src/data/e2e/__tests__/discovery-fixtures.test.ts,    delete process.env.NEXT_PUBLIC_E2E;,,,
app-next-directory/src/data/e2e/discovery-fixtures.ts,  const env ,,,
app-next-directory/tests/e2e/rbac.e2e.spec.ts,"      process.env.E2E_USER_EMAIL ?? 'user@example.com',",,,
app-next-directory/tests/e2e/rbac.e2e.spec.ts,      process.env.E2E_USER_PASSWORD ?? 'password123',,,
app-next-directory/tests/e2e/rbac.e2e.spec.ts,"      process.env.E2E_VENUE_OWNER_EMAIL ?? 'venue@example.com',",,,
app-next-directory/tests/e2e/rbac.e2e.spec.ts,      process.env.E2E_VENUE_OWNER_PASSWORD ?? 'password123',,,
app-next-directory/tests/e2e/rbac.e2e.spec.ts,"    process.env.E2E_ADMIN_EMAIL ?? 'admin@example.com',",,,
app-next-directory/tests/e2e/rbac.e2e.spec.ts,    process.env.E2E_ADMIN_PASSWORD ?? 'adminpassword',,,
app-next-directory/src/tests/sanity-client.test.ts,      if (!process.env.SANITY_API_TOKEN) {,,,
app-next-directory/src/tests/sanity-client.test.ts,          environment," process.env.NODE_ENV,",,
app-next-directory/src/tests/sanity-client.test.ts,    if (process.env.SANITY_API_TOKEN) {,,,
app-next-directory/src/models/__tests__/User.test.ts,    delete process.env.BCRYPT_COST;,,,
app-next-directory/src/models/__tests__/User.test.ts,    process.env.BCRYPT_COST ,,,
app-next-directory/src/models/User.ts,export const BCRYPT_COST ,,,
app-next-directory/tests/e2e/api/auth-api.spec.ts.disabled,const email ,,,
app-next-directory/tests/e2e/api/auth-api.spec.ts.disabled,const password ,,,
app-next-directory/tests/e2e/api/core-endpoints.spec.ts,const API_BASE_URL ,,,
app-next-directory/src/instrumentation.ts,    const missing ,,,
app-next-directory/src/instrumentation.ts,  if (process.env.NEXT_RUNTIME ,,,
app-next-directory/src/instrumentation.ts,      if (process.env.NODE_ENV ,,,
app-next-directory/tests/e2e/api/preview-api.spec.ts.disabled,      .query({ secret," process.env.PREVIEW_SECRET || 'dev-secret', slug", '/' }),
app-next-directory/jest.e2e.config.cjs,  const shouldLog ,,,
app-next-directory/debug-city-images.js,  projectId," process.env.NEXT_PUBLIC_SANITY_PROJECT_ID,",,
app-next-directory/debug-city-images.js,  dataset," process.env.NEXT_PUBLIC_SANITY_DATASET,",,
app-next-directory/jest-playwright.config.cjs,  launchOptions, { headless, process.env.CI ? true , process.env.HEADLESS !
app-next-directory/jest-playwright.config.cjs,    debug," !!process.env.JPW_DEBUG, // Conditional debug to silence CI noise",,
app-next-directory/tests/e2e/admin-dashboard.spec.ts,"        process.env.E2E_USER_EMAIL ?? 'user@example.com',",,,
app-next-directory/tests/e2e/admin-dashboard.spec.ts,        process.env.E2E_USER_PASSWORD ?? 'password123',,,
app-next-directory/tests/e2e/admin-dashboard.spec.ts,"        process.env.E2E_VENUE_OWNER_EMAIL ?? 'venue@example.com',",,,
app-next-directory/tests/e2e/admin-dashboard.spec.ts,        process.env.E2E_VENUE_OWNER_PASSWORD ?? 'password123',,,
app-next-directory/tests/e2e/admin-dashboard.spec.ts,"        process.env.E2E_ADMIN_EMAIL ?? 'admin@example.com',",,,
app-next-directory/tests/e2e/admin-dashboard.spec.ts,        process.env.E2E_ADMIN_PASSWORD ?? 'password123',,,
app-next-directory/playwright.config.ts,    ignoreHTTPSErrors," Boolean(process.env.ALLOW_INSECURE_HTTPS),",,
app-next-directory/playwright.config.ts,        reuseExistingServer," !process.env.CI,",,
app-next-directory/playwright.config.ts,"            process.env.NEXT_PUBLIC_SANITY_PROJECT_ID || 'test-project',",,,
app-next-directory/playwright.config.ts,"            process.env.NEXT_PUBLIC_SANITY_DATASET || 'test-dataset',",,,
app-next-directory/playwright.config.ts,          MONGODB_URI, process.env.MONGODB_URI || 'mongodb,//127.0.0.1,"27017/test',"
app-next-directory/playwright.config.ts,          NEXTAUTH_SECRET," process.env.NEXTAUTH_SECRET || 'test-secret',",,
app-next-directory/playwright.config.ts,          NEXTAUTH_URL," process.env.NEXTAUTH_URL || resolvedBaseURL.toString(),",,
app-next-directory/app/sitemap.test.ts,    delete process.env.NEXT_PUBLIC_SITE_URL,,,
app-next-directory/app/listings/[slug]/page.tsx,const isE2ETest ,,,
app-next-directory/src/components/ui/InteractiveMap.tsx,        const tileUrl ,,,
app-next-directory/src/components/ui/InteractiveMap.tsx,          if (process.env.NODE_ENV !,,,
app-next-directory/src/components/layout/__tests__/Header.test.tsx,        const originalEnv ,,,
app-next-directory/src/components/layout/__tests__/Header.test.tsx,        ;(process.env as any).NODE_ENV ,,,
app-next-directory/src/components/layout/__tests__/Header.test.tsx,  ;(process.env as any).NODE_ENV ,,,
app-next-directory/src/components/layout/__tests__/Header.test.tsx,      const originalEnv ,,,
app-next-directory/src/components/layout/__tests__/Header.test.tsx,      ;(process.env as any).NODE_ENV ,,,
app-next-directory/src/components/layout/Header.tsx,    if (!context && process.env.NODE_ENV !,,,
app-next-directory/app/api/featured-listings/route.test.ts,      delete process.env.NEXT_PUBLIC_SANITY_PROJECT_ID;,,,
app-next-directory/app/api/featured-listings/route.test.ts,      delete process.env.NEXT_PUBLIC_SANITY_DATASET;,,,
app-next-directory/app/api/contact/route.ts,  process.env.CONTACT_EMAIL ??,,,
app-next-directory/app/api/contact/route.ts,  process.env.contactEmail ??,,,
app-next-directory/app/api/contact/route.ts,  process.env.SMTP_USER ??,,,
app-next-directory/app/api/contact/route.ts,  process.env.smtpUser ??,,,
app-next-directory/app/api/contact/route.ts,  process.env.gmailUser ??,,,
app-next-directory/app/api/contact/route.ts,  process.env.SMTP_FROM ??,,,
app-next-directory/app/api/contact/route.ts,  process.env.smtpFrom ??,,,
app-next-directory/app/api/contact/route.ts,const GMAIL_USER ,,,
app-next-directory/app/api/contact/route.ts,const GMAIL_APP_PASSWORD ,,,
app-next-directory/app/api/contact/route.ts,  if (process.env.SMTP_HOST && process.env.SMTP_USER && process.env.SMTP_PASS) {,,,
app-next-directory/app/api/contact/route.ts,      host," process.env.SMTP_HOST,",,
app-next-directory/app/api/contact/route.ts,      port," parseInt(process.env.SMTP_PORT || '587'),",,
app-next-directory/app/api/contact/route.ts,      secure, process.env.SMTP_SECURE ,,
app-next-directory/app/api/contact/route.ts,        user," process.env.SMTP_USER,",,
app-next-directory/app/api/contact/route.ts,        pass," process.env.SMTP_PASS,",,
app-next-directory/app/api/contact/route.ts,    if (process.env.RESEND_API_KEY) {,,,
app-next-directory/src/components/MswInit.tsx,    const enabled ,,,
app-next-directory/app/api/contact/route.test.ts,  process.env.CONTACT_EMAIL ,,,
app-next-directory/app/api/contact/route.test.ts,  process.env.SMTP_FROM ,,,
app-next-directory/app/api/contact/route.test.ts,  process.env.GMAIL_USER ,,,
app-next-directory/app/api/contact/route.test.ts,  process.env.GMAIL_APP_PASSWORD ,,,
app-next-directory/app/api/contact/route.test.ts,  defaultGmailUser ,,,
app-next-directory/app/api/contact/route.test.ts,  defaultGmailPassword ,,,
app-next-directory/app/api/contact/route.test.ts,  delete process.env.CONTACT_EMAIL;,,,
app-next-directory/app/api/contact/route.test.ts,  delete process.env.SMTP_FROM;,,,
app-next-directory/app/api/contact/route.test.ts,  delete process.env.GMAIL_USER;,,,
app-next-directory/app/api/contact/route.test.ts,  delete process.env.GMAIL_APP_PASSWORD;,,,
app-next-directory/app/api/contact/route.test.ts,      const snapshotEnv ,,,
app-next-directory/app/api/contact/route.test.ts,        process.env ,,,
app-next-directory/app/api/contact/route.test.ts,          process.env ,,,
app-next-directory/app/api/contact/route.test.ts,      process.env ,,,
app-next-directory/app/api/contact/route.test.ts,        process.env.RESEND_API_KEY ,,,
app-next-directory/app/api/contact/route.test.ts,        process.env.CONTACT_EMAIL ,,,
app-next-directory/app/api/contact/route.test.ts,        delete process.env.RESEND_API_KEY;,,,
app-next-directory/app/api/contact/route.test.ts,        delete process.env.CONTACT_EMAIL;,,,
app-next-directory/app/api/contact/route.test.ts,        process.env.SMTP_HOST ,,,
app-next-directory/app/api/contact/route.test.ts,        process.env.SMTP_PORT ,,,
app-next-directory/app/api/contact/route.test.ts,        process.env.SMTP_SECURE ,,,
app-next-directory/app/api/contact/route.test.ts,        process.env.SMTP_USER ,,,
app-next-directory/app/api/contact/route.test.ts,        process.env.SMTP_PASS ,,,
app-next-directory/app/api/contact/route.test.ts,        process.env.SMTP_FROM ,,,
app-next-directory/app/api/contact/route.test.ts,        delete process.env.SMTP_HOST;,,,
app-next-directory/app/api/contact/route.test.ts,          process.env.RESEND_API_KEY ,,,
app-next-directory/app/api/contact/route.test.ts,          delete process.env.RESEND_API_KEY;,,,
app-next-directory/app/api/newsletter/subscribe/route.ts,    const storeType ,,,
app-next-directory/app/api/newsletter/subscribe/route.ts,    if (process.env.JEST_WORKER_ID) {,,,
app-next-directory/app/api/newsletter/subscribe/route.ts,      if (process.env.NODE_ENV !,,,
app-next-directory/app/api/newsletter/subscribe/route.test.ts,const originalEnv ,,,
app-next-directory/app/api/newsletter/confirm/route.ts,    if (!process.env.MONGODB_URI) {,,,
app-next-directory/app/api/newsletter/confirm/route.ts,      const status ,,,
app-next-directory/app/api/newsletter/confirm/__tests__/route.test.ts,      process.env.MONGODB_URI ,,,
app-next-directory/app/api/newsletter/confirm/__tests__/route.test.ts,      delete process.env.MONGODB_URI;,,,
app-next-directory/app/api/blog/route.ts,const isTestEnv ,,,
app-next-directory/app/api/blog/route.ts,if (process.env.NODE_ENV ,,,
app-next-directory/app/api/test-listings/route.ts,  const nodeEnv ,,,
app-next-directory/app/api/test-listings/__tests__/route.test.ts,    delete process.env.NODE_ENV;,,,
app-next-directory/src/components/search/SearchFiltersForm.tsx,        if (process.env.NODE_ENV ,,,
app-next-directory/src/components/listings/__tests__/ListingDetailView.test.tsx,    const originalNodeEnv ,,,
app-next-directory/src/components/listings/__tests__/ListingDetailView.test.tsx,    const originalJestWorkerId ,,,
app-next-directory/src/components/listings/__tests__/ListingDetailView.test.tsx,    delete process.env.JEST_WORKER_ID,,,
app-next-directory/src/components/listings/__tests__/ListingDetailView.test.tsx,    if (originalJestWorkerId) process.env.JEST_WORKER_ID ,,,
app-next-directory/next.config.ts,const isAnalyze ,,,
app-next-directory/next.config.ts,  productionBrowserSourceMaps, process.env.ENABLE_SOURCE_MAPS ,,
app-next-directory/next.config.ts,    ignoreDuringBuilds, process.env.NODE_ENV ,,
app-next-directory/next.config.ts,    ignoreBuildErrors, process.env.NODE_ENV ,,
app-next-directory/src/components/listings/ListingDetailView.tsx,        if (process.env.NODE_ENV !,,,
app-next-directory/app/cities/[slug]/page.tsx,      stack, process.env.NODE_ENV ,,
app-next-directory/app/api/mock-env/route.ts,let mockNodeEnv, NodeEnv ,,
app-next-directory/app/api/mock-env/route.ts,let mockPreviewSecret ,,,
app-next-directory/app/api/mock-env/route.ts,"  Object.defineProperty(process.env, 'NODE_ENV', {",,,
app-next-directory/app/api/mock-env/route.ts,"  Object.defineProperty(process.env, 'PREVIEW_SECRET', {",,,
app-next-directory/app/city/[slug]/__tests__/error.test.tsx,    const { NODE_ENV } ,,,
app-next-directory/app/api/sanity-test/route.ts,    const rawEnv ,,,
app-next-directory/app/api/sanity-test/route.ts,        projectId," process.env.NEXT_PUBLIC_SANITY_PROJECT_ID,",,
app-next-directory/app/api/sanity-test/route.ts,        dataset," process.env.NEXT_PUBLIC_SANITY_DATASET,",,
app-next-directory/app/city/[slug]/error.tsx,        {process.env.NODE_ENV !,,,
app-next-directory/next.config.mjs,if (process.env.VERCEL && process.env.NODE_ENV !,,,
app-next-directory/next.config.mjs,      process.env.NEXT_PUBLIC_API_URL ||,,,
app-next-directory/next.config.mjs,      (process.env.NODE_ENV ,,,
app-next-directory/next.config.mjs,      { protocol," 'https', hostname"," process.env.VERCEL_URL || 'your-app.vercel.app', pathname"," '/**' },"
app-next-directory/app/api/sanity-test/__tests__/route.test.ts,    process.env.NEXT_PUBLIC_SANITY_PROJECT_ID ,,,
app-next-directory/app/api/sanity-test/__tests__/route.test.ts,    process.env.NEXT_PUBLIC_SANITY_DATASET ,,,
app-next-directory/src/components/auth/__tests__/SocialAuthRow.test.tsx,    delete process.env.NEXT_PUBLIC_AUTH_DISABLE_OAUTH;,,,
app-next-directory/src/components/auth/__tests__/SocialAuthRow.test.tsx,      process.env.NEXT_PUBLIC_AUTH_DISABLE_OAUTH ,,,
app-next-directory/components/PreviewWrapper.tsx,      {process.env.NODE_ENV !,,,
app-next-directory/jest.config.cjs,const useMockedMongoose ,,,
app-next-directory/jest.config.cjs,  testEnvironment, process.env.JEST_RUN_INTEGRATION ,,
app-next-directory/jest.config.cjs,    process.env.JEST_UNIT_ONLY ,,,
app-next-directory/src/components/auth/SocialAuthRow.tsx,  const OAUTH_DISABLED ,,,
app-next-directory/app/api/cities/[slug]/__tests__/route.test.ts,      const originalDataset ,,,
app-next-directory/app/api/cities/[slug]/__tests__/route.test.ts,      const originalProjectId ,,,
app-next-directory/app/api/cities/[slug]/__tests__/route.test.ts,        process.env.NEXT_PUBLIC_SANITY_DATASET ,,,
app-next-directory/app/api/cities/[slug]/__tests__/route.test.ts,        process.env.NEXT_PUBLIC_SANITY_PROJECT_ID ,,,
app-next-directory/src/lib/redis.ts,  process.env.NODE_ENV ,,,
app-next-directory/src/lib/redis.ts,  const redisUrl ,,,
app-next-directory/src/lib/redis.ts,  const redisToken ,,,
app-next-directory/src/lib/newsletter-utils.ts,const resolvedMockRedisClient, RedisLike | undefined ,,
app-next-directory/src/lib/newsletterTokens.ts,const secretString ,,,
app-next-directory/app/api/test-mongodb/__tests__/route.test.ts,const originalNodeEnv ,,,
app-next-directory/src/lib/__tests__/email.test.ts,    delete process.env.RESEND_API_KEY;,,,
app-next-directory/src/lib/__tests__/email.test.ts,    delete process.env.SMTP_FROM;,,,
app-next-directory/src/lib/__tests__/email.test.ts,    process.env.RESEND_API_KEY ,,,
app-next-directory/src/lib/__tests__/sanity.utils.test.ts,    process.env.SANITY_PREVIEW_SECRET ,,,
app-next-directory/src/lib/__tests__/absolute-url.test.ts,      process.env.NEXT_PUBLIC_FRONTEND_URL ,,,
app-next-directory/src/lib/__tests__/absolute-url.test.ts,      process.env.VERCEL ,,,
app-next-directory/src/lib/__tests__/absolute-url.test.ts,      delete process.env.NEXT_PUBLIC_FRONTEND_URL;,,,
app-next-directory/src/lib/__tests__/absolute-url.test.ts,      process.env.NEXTAUTH_URL ,,,
app-next-directory/src/lib/__tests__/absolute-url.test.ts,      delete process.env.NEXTAUTH_URL;,,,
app-next-directory/src/lib/__tests__/absolute-url.test.ts,      process.env.VERCEL_URL ,,,
app-next-directory/src/lib/__tests__/absolute-url.test.ts,      delete process.env.VERCEL_URL;,,,
app-next-directory/src/lib/__tests__/auth.test.ts,    process.env.MONGODB_URI ,,,
app-next-directory/src/lib/__tests__/auth.test.ts,    delete process.env.GOOGLE_CLIENT_ID;,,,
app-next-directory/src/lib/__tests__/auth.test.ts,    delete process.env.GOOGLE_CLIENT_SECRET;,,,
app-next-directory/src/lib/__tests__/auth.test.ts,    process.env.GOOGLE_CLIENT_ID ,,,
app-next-directory/src/lib/__tests__/auth.test.ts,    process.env.GOOGLE_CLIENT_SECRET ,,,
app-next-directory/src/lib/__tests__/sanity.test.js,process.env.SANITY_API_TOKEN ,,,
app-next-directory/src/lib/__tests__/newsletterTokens.test.ts,      delete process.env.NEXTAUTH_SECRET;,,,
app-next-directory/src/lib/__tests__/newsletterTokens.test.ts,      delete process.env.JWT_SECRET;,,,
app-next-directory/src/lib/__tests__/newsletterTokens.test.ts,      process.env.NEXTAUTH_SECRET ,,,
app-next-directory/app/error.tsx,    if (process.env.NODE_ENV ,,,
app-next-directory/src/lib/__tests__/envLoader.test.ts,      process.env.TEST_MONGODB_URI ,,,
app-next-directory/src/lib/__tests__/envLoader.test.ts,      delete process.env.TEST_MONGODB_URI;,,,
app-next-directory/src/hooks/useSearch.ts,            if (process.env.NODE_ENV !,,,
app-next-directory/src/lib/__tests__/sanity-http-client.test.ts,    originalEnv ,,,
app-next-directory/src/lib/__tests__/sanity-http-client.test.ts,    delete process.env.NEXT_PUBLIC_SANITY_PROJECT_ID;,,,
app-next-directory/src/lib/__tests__/sanity-http-client.test.ts,    delete process.env.SANITY_API_TOKEN;,,,
app-next-directory/src/lib/__tests__/sanity-http-client.test.ts,      delete process.env.SANITY_API_TOKEN;,,,
app-next-directory/src/lib/__tests__/sanity-http-client.test.ts,      process.env.SANITY_HTTP_DEBUG ,,,
app-next-directory/src/lib/__tests__/sanity-http-client.test.ts,      delete process.env.SANITY_HTTP_DEBUG;,,,
app-next-directory/src/lib/__tests__/dbConnect-simplified.test.ts,    delete process.env.JEST_WORKER_ID;,,,
app-next-directory/src/lib/__tests__/dbConnect-simplified.test.ts,    delete process.env.SKIP_DB_CONNECT;,,,
app-next-directory/src/lib/__tests__/redis.test.ts,    process.env.UPSTASH_REDIS_REST_URL ,,,
app-next-directory/src/lib/__tests__/redis.test.ts,    process.env.UPSTASH_REDIS_REST_TOKEN ,,,
app-next-directory/src/lib/__tests__/redis.test.ts,    process.env.JEST_WORKER_ID ,,,
app-next-directory/app/api/search/suggestions/route.ts,    const meta ,,,
app-next-directory/src/lib/logger.ts,const isProduction ,,,
app-next-directory/src/lib/logger.ts,const isDevelopment ,,,
app-next-directory/src/lib/logger.ts,const isTest ,,,
app-next-directory/src/lib/logger.ts,const isE2E ,,,
app-next-directory/src/lib/logger.ts,    hostname," process.env.HOSTNAME || 'unknown',",,
app-next-directory/src/lib/logger.ts,    version, process.env.npm_package_version || '0.1.0',,
app-next-directory/src/lib/absolute-url.ts,    const host ,,,
app-next-directory/src/lib/absolute-url.ts,    process.env.NEXT_PUBLIC_FRONTEND_URL?.trim() ||,,,
app-next-directory/src/lib/absolute-url.ts,    process.env.NEXTAUTH_URL?.trim() ||,,,
app-next-directory/src/lib/absolute-url.ts,    (process.env.VERCEL_URL ? `https,//${process.env.VERCEL_URL}` , ''),
app-next-directory/src/lib/envLoader.ts,  const parsed ,,,
app-next-directory/app/sitemap.ts,  const baseUrl ,,,
app-next-directory/scripts/postinstall-msw.cjs,"const { CI, NODE_ENV, npm_config_user_agent", UA } ,,
app-next-directory/src/lib/sanity-image-uploader.ts,    const projectId ,,,
app-next-directory/src/lib/sanity-image-uploader.ts,    const dataset ,,,
app-next-directory/scripts/generate-test-jwt.js,  const secretInput ,,,
app-next-directory/app/test/listing-detail/page.tsx,    process.env.NODE_ENV !,,,
app-next-directory/scripts/validate-env.js,      value," process.env.NEXTAUTH_URL,",,
app-next-directory/app/test/listing-detail/page.test.tsx,"    Object.defineProperty(process.env, 'NODE_ENV', {",,,
app-next-directory/scripts/postinstall-playwright.cjs,"const { CI, SKIP_PLAYWRIGHT_INSTALL, NODE_ENV } ",,,
app-next-directory/scripts/postinstall-playwright.cjs,const { npm_config_user_agent, UA } ,,
app-next-directory/scripts/postinstall-playwright.cjs,const shouldInstall ,,,
app-next-directory/src/lib/sanity.js,  useCdn, process.env.NODE_ENV ,,
app-next-directory/src/lib/sanity.js,  token," process.env.SANITY_API_TOKEN,",,
app-next-directory/src/lib/mongodb.ts,const shouldMockMongo ,,,
app-next-directory/src/lib/mongodb.ts,  if (!process.env.MONGODB_URI) {,,,
app-next-directory/src/lib/mongodb.ts,    const envFile ,,,
app-next-directory/src/lib/mongodb.ts,  const uri ,,,
app-next-directory/app/robots.ts,  const rawSiteUrl ,,,
app-next-directory/app/search/page.tsx,        {process.env.NODE_ENV ,,,
app-next-directory/app/search/results/page.tsx,    const showDetails ,,,
app-next-directory/app/search/results/page.test.tsx,    const previousEnv ,,,
app-next-directory/app/api/revalidate-all/__tests__/route.clean.test.ts,  const originalToken ,,,
app-next-directory/app/api/revalidate-all/__tests__/route.clean.test.ts,    process.env.REVALIDATION_TOKEN ,,,
app-next-directory/src/lib/email.ts,const resendApiKey ,,,
app-next-directory/src/lib/email.ts,const fromAddress ,,,
app-next-directory/app/api/auth/register/route.test.ts,    delete process.env.EDGE_RUNTIME;,,,
app-next-directory/app/api/auth/register/route.test.ts,"    test('detects edge runtime via process.env.EDGE_RUNTIME', async () ",,,
app-next-directory/app/api/auth/register/route.test.ts,      process.env.EDGE_RUNTIME ,,,
app-next-directory/src/lib/auth.ts,const googleClientId ,,,
app-next-directory/src/lib/auth.ts,const googleClientSecret ,,,
app-next-directory/src/lib/auth.ts,          if (shouldVerify && process.env.MONGODB_URI) {,,,
app-next-directory/src/lib/sanity.utils.ts,  return token ,,,
app-next-directory/src/lib/sanity-http-client.ts,  private readonly debug ,,,
app-next-directory/src/lib/sanity-http-client.ts,      projectId," process.env.NEXT_PUBLIC_SANITY_PROJECT_ID!,",,
app-next-directory/src/lib/sanity-http-client.ts,      dataset," process.env.NEXT_PUBLIC_SANITY_DATASET!,",,
app-next-directory/src/lib/sanity-http-client.ts,      useCdn, process.env.NODE_ENV ,,
app-next-directory/src/lib/sanity-http-client.ts,      token," process.env.SANITY_API_TOKEN,",,
app-next-directory/src/lib/sanity-http-client.ts,      if (!process.env[envVar]) {,,,
app-next-directory/src/lib/sanity-http-client.ts,    if (!process.env.SANITY_API_TOKEN) {,,,
app-next-directory/src/lib/sanity-http-client.ts,              token," process.env.SANITY_API_TOKEN,",,
app-next-directory/src/lib/sanity-http-client.ts,      if (process.env.SANITY_API_TOKEN) {,,,
app-next-directory/src/lib/sanity-http-client.ts,          hasToken," !!process.env.SANITY_API_TOKEN,",,
app-next-directory/app/api/auth/reset-password/route.ts,  } else if (process.env.NODE_ENV ,,,
app-next-directory/src/lib/auth/adapter.ts,    process.env.JEST_WORKER_ID !,,,
app-next-directory/src/lib/auth/adapter.ts,    process.env.USE_REAL_MONGODB_FOR_TESTS !,,,
app-next-directory/src/lib/auth/withAuthMatrix.ts,    secret, process.env.NEXTAUTH_SECRET,,
app-next-directory/app/api/auth/test/route.ts,        passed," !!process.env.EDGE_RUNTIME,",,
app-next-directory/app/api/auth/test/route.ts,    const flag ,,,
app-next-directory/src/lib/auth/config.test.ts,      process.env.AUTH_REQUIRE_EMAIL_VERIFICATION ,,,
app-next-directory/src/lib/auth/config.test.ts,      process.env.RESEND_API_KEY ,,,
app-next-directory/src/lib/auth/config.test.ts,      delete process.env.AUTH_REQUIRE_EMAIL_VERIFICATION;,,,
app-next-directory/src/lib/auth/config.test.ts,      delete process.env.RESEND_API_KEY;,,,
app-next-directory/src/lib/auth/config.test.ts,      process.env.AUTH_ADMIN_EMAILS ,,,
app-next-directory/src/lib/auth/config.test.ts,        process.env.AUTH_ADMIN_EMAILS ,,,
app-next-directory/src/lib/auth/config.test.ts,      delete process.env.AUTH_ADMIN_EMAILS;,,,
app-next-directory/src/lib/auth/adapter.test.ts,    process.env.USE_REAL_MONGODB_FOR_TESTS ,,,
app-next-directory/src/lib/analytics/__tests__/config.test.ts,    process.env.NEXT_PUBLIC_GA_MEASUREMENT_ID ,,,
app-next-directory/src/lib/analytics/__tests__/config.test.ts,    process.env.NEXT_PUBLIC_VERCEL_ANALYTICS_ID ,,,
app-next-directory/src/lib/analytics/__tests__/config.test.ts,    process.env.NEXT_PUBLIC_POSTHOG_TOKEN ,,,
app-next-directory/src/lib/auth/withAuthMatrix.test.ts,    process.env.NEXTAUTH_SECRET ,,,
app-next-directory/src/lib/analytics/__tests__/analytics-manager.test.ts,    delete process.env.NEXT_PUBLIC_POSTHOG_KEY;,,,
app-next-directory/src/lib/analytics/__tests__/analytics-manager.test.ts,    delete process.env.NEXT_PUBLIC_POSTHOG_HOST;,,,
app-next-directory/src/lib/analytics/__tests__/analytics-manager.test.ts,    process.env.NEXT_PUBLIC_POSTHOG_KEY ,,,
app-next-directory/src/lib/analytics/__tests__/analytics-manager.test.ts,    process.env.NEXT_PUBLIC_POSTHOG_HOST ,,,
app-next-directory/src/lib/auth/rateLimit.ts,const isTestEnvironment ,,,
app-next-directory/src/lib/auth/userService.test.ts,    process.env.SANITY_API_TOKEN ,,,
app-next-directory/src/lib/auth/config.ts,  const override ,,,
app-next-directory/src/lib/auth/config.ts,  if (process.env.RESEND_API_KEY) return true;,,,
app-next-directory/src/lib/auth/config.ts,    const raw ,,,
app-next-directory/src/lib/analytics/analytics.ts,    if (process.env.NEXT_PUBLIC_POSTHOG_KEY) {,,,
app-next-directory/src/lib/analytics/analytics.ts,"      PostHog.init(process.env.NEXT_PUBLIC_POSTHOG_KEY, {",,,
app-next-directory/src/lib/analytics/analytics.ts,        api_host, process.env.NEXT_PUBLIC_POSTHOG_HOST || 'https,"//app.posthog.com',",
app-next-directory/src/lib/analytics/analytics.ts,          if (process.env.NODE_ENV ,,,
app-next-directory/src/lib/analytics/config.ts,const GA_MEASUREMENT_ID ,,,
app-next-directory/src/lib/analytics/config.ts,const VERCEL_ANALYTICS_ID ,,,
app-next-directory/src/lib/analytics/config.ts,const POSTHOG_TOKEN ,,,
app-next-directory/src/lib/analytics/config.ts,const POSTHOG_HOST ,,,
app-next-directory/src/lib/analytics/config.ts,        debug, process.env.NODE_ENV ,,
app-next-directory/src/lib/analytics/config.ts,  IS_PRODUCTION, process.env.NODE_ENV ,,
app-next-directory/src/middleware.ts,const secret ,,,
app-next-directory/src/lib/performance/bundle-analyzer.ts,  enabled, process.env.ANALYZE ,,
app-next-directory/src/lib/performance/bundle-analyzer.ts,  openAnalyzer, process.env.ANALYZE_OPEN ,,
app-next-directory/src/lib/sanity/env.ts,  return Boolean(process.env.NEXT_PUBLIC_SANITY_PROJECT_ID && process.env.NEXT_PUBLIC_SANITY_DATASET);,,,
app-next-directory/src/lib/sanity/client.ts,const token ,,,
app-next-directory/src/lib/sanity/__tests__/env.test.ts,      process.env[ENV_VAR_PROJECT_ID] ,,,
app-next-directory/src/lib/sanity/__tests__/env.test.ts,      process.env[ENV_VAR_DATASET] ,,,
app-next-directory/src/lib/sanity/__tests__/env.test.ts,      delete process.env[ENV_VAR_PROJECT_ID];,,,
app-next-directory/src/lib/sanity/__tests__/env.test.ts,      delete process.env[ENV_VAR_DATASET];,,,
app-next-directory/src/lib/sanity/__tests__/env.test.ts,        process.env[ENV_VAR_PROJECT_ID] ,,,
app-next-directory/src/lib/sanity/__tests__/env.test.ts,        process.env[ENV_VAR_DATASET] ,,,
app-next-directory/src/lib/performance/__tests__/withPerformanceTracking.test.tsx,"    Object.defineProperty(process.env, 'NODE_ENV', { value"," 'production', configurable", true });,
app-next-directory/src/lib/performance/alert-service.ts,    if (process.env.NODE_ENV !,,,
app-next-directory/src/lib/performance/alert-service.ts,  if (!config.webhook || process.env.NODE_ENV !,,,
app-next-directory/src/lib/performance/alert-service.ts,  if (!config.url || process.env.NODE_ENV !,,,
app-next-directory/src/lib/performance/monitoring-config.ts,  samplingRate, process.env.NODE_ENV ,,
app-next-directory/src/lib/performance/monitoring-config.ts,  debug, process.env.NODE_ENV ,,
app-next-directory/src/lib/performance/monitoring-config.ts,  verbose, process.env.NODE_ENV ,,
app-next-directory/src/lib/performance/budgets.ts,  const webhook ,,,
app-next-directory/src/lib/performance/budgets.ts,  const recipient ,,,
app-next-directory/src/lib/performance/alerting-thresholds.ts,    recipients," process.env.ALERT_EMAIL_RECIPIENTS?.split(',') ?? ['admin@sustainablenomads.com'],",,
app-next-directory/src/lib/performance/alerting-thresholds.ts,    from," process.env.ALERT_EMAIL_FROM ?? 'alerts@sustainablenomads.com',",,
app-next-directory/src/lib/performance/alerting-thresholds.ts,    webhook," process.env.ALERT_SLACK_WEBHOOK,",,
app-next-directory/src/lib/performance/alerting-thresholds.ts,    channel," process.env.ALERT_SLACK_CHANNEL ?? '#performance-alerts',",,
app-next-directory/src/lib/performance/alerting-thresholds.ts,    url," process.env.ALERT_WEBHOOK_URL,",,
app-next-directory/src/lib/performance/__tests__/bundle-analyzer.test.ts,    delete process.env.ANALYZE;,,,
app-next-directory/src/lib/performance/__tests__/bundle-analyzer.test.ts,    delete process.env.ANALYZE_OPEN;,,,
app-next-directory/src/lib/performance/__tests__/bundle-analyzer.test.ts,    process.env.ANALYZE ,,,
app-next-directory/src/lib/performance/__tests__/bundle-analyzer.test.ts,    process.env.ANALYZE_OPEN ,,,
app-next-directory/src/lib/dbConnect.ts,const MONGODB_URI ,,,
app-next-directory/src/lib/dbConnect.ts,const skipDbConnect ,,,
app-next-directory/src/lib/dbConnect.ts,const isJestEnvironment ,,,
app-next-directory/src/lib/dbConnect.ts,const shouldUseRealMongoDuringTests ,,,
app-next-directory/src/lib/performance/__tests__/budgets.test.ts,      process.env.NEXT_PUBLIC_SLACK_WEBHOOK_URL ,,,
app-next-directory/src/lib/performance/__tests__/budgets.test.ts,      process.env.NEXT_PUBLIC_ALERT_EMAIL ,,,
